USE zawodySportowe;
GO

INSERT INTO KRAJ (KRAJ_ID, NAZWA_KRAJU, KOD_ISO3) 
	VALUES 
	(1, N'Polska', 'POL'),
	(2, N'Niemcy', 'DEU'),
	(3, N'Czechy', 'CZE'),
	(4, N'Słowacja', 'SVK'),
	(5, N'Francja', 'FRA'),
	(6, N'Hiszpania', 'ESP'),
	(7, N'Włochy', 'ITA'),
	(8, N'Kanada', 'CAN'),
	(9, N'Brazylia', 'BRA'),
	(10, N'Australia', 'AUS');
GO

INSERT INTO MIASTO (MIASTO_ID, NAZWA, KRAJ_ID)
	VALUES
	(1, N'Warszawa', 1),
	(2, N'Kraków', 1),
	(3, N'Wrocław', 1),
	(4, N'Gdańsk', 1),
	(5, N'Poznań', 1),
	(6, N'Berlin', 2),
	(7, N'Monachium', 2),
	(8, N'Hamburg', 2),
	(9, N'Frankfurt', 2),
	(10, N'Praga', 3),
	(11, N'Ostrava', 3),
	(12, N'Brno', 3),
	(13, N'Bratysława', 4),
	(14, N'Koszyce', 4),
	(15, N'Paryż', 5),
	(16, N'Lyon', 5),
	(17, N'Marsylia', 5),
	(18, N'Madryt', 6),
	(19, N'Barcelona', 6),
	(20, N'Walencja', 6),
	(21, N'Rzym', 7),
	(22, N'Mediolan', 7),
	(23, N'Neapol', 7),
	(24, N'Toronto', 8),
	(25, N'Montréal', 8),
	(26, N'São Paulo', 9),
	(27, N'Rio de Janeiro', 9),
	(28, N'Sydney', 10),
	(29, N'Melbourne', 10);
GO

INSERT INTO ZAWODY (ZAWODY_ID, NAZWA, MIASTO_ID, DATA_ZAWODOW, EDYCJA)
	VALUES
	(1, N'Maraton Warszawski', 1, '2025-05-10', 10),
	(2, N'Maraton Krakowski', 2, '2025-06-20', 5),
	(3, N'Maraton Wrocławski', 3, '2025-07-12', 3),
	(4, N'Maraton Gdański', 4, '2025-08-01', 2),
	(5, N'Maraton Poznański', 5, '2025-09-15', 4),
	(6, N'Berlin Marathon', 6, '2025-10-05', 42),
	(7, N'Monachium Marathon', 7, '2025-08-18', 12),
	(8, N'Hamburg Marathon', 8, '2025-09-01', 15),
	(9, N'Praga Marathon', 10, '2025-05-30', 7),
	(10, N'Ostrava Marathon', 11, '2025-06-15', 4),
	(11, N'Brno Marathon', 12, '2025-07-25', 6),
	(12, N'Bratysława Marathon', 13, '2025-09-10', 3),
	(13, N'Koszyce Marathon', 14, '2025-08-20', 2),
	(14, N'Paryż Marathon', 15, '2025-04-20', 44),
	(15, N'Lyon Marathon', 16, '2025-05-25', 9),
	(16, N'Marsylia Marathon', 17, '2025-06-10', 6),
	(17, N'Madryt Marathon', 18, '2025-07-05', 8),
	(18, N'Barcelona Marathon', 19, '2025-08-22', 11),
	(19, N'Valencia Marathon', 20, '2025-09-12', 5),
	(20, N'Rzym Marathon', 21, '2025-10-18', 20),
	(21, N'Mediolan Marathon', 22, '2025-09-28', 15),
	(22, N'Neapol Marathon', 23, '2025-08-30', 7),
	(23, N'Toronto Marathon', 24, '2025-07-15', 10),
	(24, N'Montréal Marathon', 25, '2025-06-05', 12),
	(25, N'São Paulo Marathon', 26, '2025-09-20', 8),
	(26, N'Rio de Janeiro Marathon', 27, '2025-10-02', 13),
	(27, N'Sydney Marathon', 28, '2025-11-10', 5),
	(28, N'Melbourne Marathon', 29, '2025-12-01', 4);
GO

INSERT INTO ZAWODNIK (ZAWODNIK_ID, IMIĘ, NAZWISKO, DATA_URODZENIA, KRAJ_ID) 
	VALUES 
	(1001, N'Michaela', N'Niefeldt', '2005-02-15', 1),
	(1002, N'Mikaela', N'Nueffel', '1999-11-20', 2),
	(1003, N'Michelle', N'Neufelda', '2001-08-08', 3),
	(1004, N'Miquela', N'Neufeldo', '1995-04-04', 4),
	(1005, N'Mikayla', N'Novafeld', '1993-03-03', 5),
	(1006, N'Michele', N'Nyefeld', '1987-09-19', 6),
	(1007, N'Myriam', N'Nifeldt', '1985-02-28', 7),
	(1008, N'Mira', N'Nuffelde', '1991-12-12', 8),
	(1009, N'Myke', N'Neufelds', '1990-03-03', 9),
	(1010, N'Mikki', N'Novafield', '1997-07-25', 10),
	(1011, N'Michaela', N'Niefeld', '1979-06-01', 1),
	(1012, N'Mikaela', N'Nuefeldson', '1975-10-10', 2),
	(1013, N'Michelle', N'Neufeldini', '1970-12-30', 3),
	(1014, N'Miquela', N'Nyfelde', '1965-01-01', 4),
	(1015, N'Mikayla', N'Novafeldo', '1960-05-05', 5),
	(1016, N'Michele', N'Nyfeldson', '1994-04-22', 6),
	(1017, N'Myriam', N'Nifelde', '1988-09-09', 7),
	(1018, N'Mira', N'Nuffeldt', '1972-02-02', 8),
	(1019, N'Myke', N'Neufeldski', '1968-11-11', 9),
	(1020, N'Mikki', N'Novafeldt', '1955-03-03', 10),
	(1021, N'Michael', N'Niefeldski', '2005-06-01', 1),
	(1022, N'Mikhail', N'Nuefeldsen', '1997-10-10', 2),
	(1023, N'Miguel', N'Neufeldski', '1999-12-30', 3),
	(1024, N'Michel', N'Nyfeldi', '1995-01-01', 4),
	(1025, N'Mikael', N'Novafeldini', '1993-05-05', 5),
	(1026, N'Mikheil', N'Nyefeldov', '1989-04-22', 6),
	(1027, N'Mikkel', N'Nifeldovich', '1990-09-09', 7),
	(1028, N'Mihailo', N'Nuffeldsen', '1985-02-02', 8),
	(1029, N'Mikko', N'Neufeldowski', '1980-11-11', 9),
	(1030, N'Mike', N'Novafeldski', '1975-03-03', 10),
	(1031, N'Michael', N'Niefeldson', '1969-01-01', 1),
	(1032, N'Mikhail', N'Nuefeldovi', '1965-10-10', 2),
	(1033, N'Miguel', N'Neufeldov', '1960-12-30', 3),
	(1034, N'Michel', N'Nyfeldson', '1955-01-01', 4),
	(1035, N'Mikael', N'Novafeldoz', '1992-05-05', 5),
	(1036, N'Mikheil', N'Nyefeldi', '1987-04-22', 6),
	(1037, N'Mikkel', N'Nifeldsohn', '1980-09-09', 7),
	(1038, N'Mihailo', N'Nuffeldini', '1970-02-02', 8),
	(1039, N'Mikko', N'Neufeldovs', '1968-11-11', 9),
	(1040, N'Mike', N'Novafeldov', '1963-03-03', 10);
GO

INSERT INTO UCZESTNIK (UCZESTNICTWO_ID, ZAWODNIK_ID, ZAWODY_ID, NUMER_STARTOWY, STATUS_ZAPISU) VALUES 
(3001, 1001, 1, 1, N'Opłacony'),
(3029, 1029, 1, 2, N'Opłacony'),
(3057, 1017, 1, 3, N'Opłacony'),
(3002, 1002, 2, 1, N'Opłacony'),
(3030, 1030, 2, 2, N'Opłacony'),
(3058, 1018, 2, 3, N'Opłacony'),
(3003, 1003, 3, 1, N'Opłacony'),
(3031, 1031, 3, 2, N'Opłacony'),
(3059, 1019, 3, 3, N'Opłacony'),
(3004, 1004, 4, 1, N'Opłacony'),
(3032, 1032, 4, 2, N'Opłacony'),
(3060, 1020, 4, 3, N'Opłacony'),
(3005, 1005, 5, 1, N'Opłacony'),
(3033, 1033, 5, 2, N'Opłacony'),
(3061, 1021, 5, 3, N'Opłacony'),
(3006, 1006, 6, 1, N'Opłacony'),
(3034, 1034, 6, 2, N'Opłacony'),
(3062, 1022, 6, 3, N'Opłacony'),
(3007, 1007, 7, 1, N'Opłacony'),
(3035, 1035, 7, 2, N'Opłacony'),
(3063, 1023, 7, 3, N'Opłacony'),
(3008, 1008, 8, 1, N'Opłacony'),
(3036, 1036, 8, 2, N'Opłacony'),
(3064, 1024, 8, 3, N'Opłacony'),
(3009, 1009, 9, 1, N'Nieopłacony'),
(3037, 1037, 9, 2, N'Opłacony'),
(3065, 1025, 9, 3, N'Opłacony'),
(3010, 1010, 10, 1, N'Opłacony'),
(3038, 1038, 10, 2, N'Opłacony'),
(3066, 1026, 10, 3, N'Opłacony'),
(3011, 1011, 11, 1, N'Opłacony'),
(3039, 1039, 11, 2, N'Nieopłacony'),
(3067, 1027, 11, 3, N'Nieopłacony'),
(3012, 1012, 12, 1, N'Opłacony'),
(3040, 1040, 12, 2, N'Opłacony'),
(3068, 1028, 12, 3, N'Opłacony'),
(3013, 1013, 13, 1, N'Nieopłacony'),
(3041, 1001, 13, 2, N'Opłacony'),
(3069, 1029, 13, 3, N'Opłacony'),
(3014, 1014, 14, 1, N'Opłacony'),
(3042, 1002, 14, 2, N'Opłacony'),
(3070, 1030, 14, 3, N'Opłacony'),
(3015, 1015, 15, 1, N'Opłacony'),
(3043, 1003, 15, 2, N'Opłacony'),
(3071, 1031, 15, 3, N'Opłacony'),
(3016, 1016, 16, 1, N'Opłacony'),
(3044, 1004, 16, 2, N'Opłacony'),
(3072, 1032, 16, 3, N'Opłacony'),
(3017, 1017, 17, 1, N'Opłacony'),
(3045, 1005, 17, 2, N'Opłacony'),
(3073, 1033, 17, 3, N'Opłacony'),
(3018, 1018, 18, 1, N'Opłacony'),
(3046, 1006, 18, 2, N'Opłacony'),
(3074, 1034, 18, 3, N'Opłacony'),
(3019, 1019, 19, 1, N'Opłacony'),
(3047, 1007, 19, 2, N'Opłacony'),
(3075, 1035, 19, 3, N'Opłacony'),
(3020, 1020, 20, 1, N'Opłacony'),
(3048, 1008, 20, 2, N'Opłacony'),
(3076, 1036, 20, 3, N'Opłacony'),
(3021, 1021, 21, 1, N'Opłacony'),
(3049, 1009, 21, 2, N'Opłacony'),
(3077, 1037, 21, 3, N'Opłacony'),
(3022, 1022, 22, 1, N'Opłacony'),
(3050, 1010, 22, 2, N'Opłacony'),
(3078, 1038, 22, 3, N'Opłacony'),
(3023, 1023, 23, 1, N'Opłacony'),
(3051, 1011, 23, 2, N'Opłacony'),
(3079, 1039, 23, 3, N'Opłacony'),
(3024, 1024, 24, 1, N'Opłacony'),
(3052, 1012, 24, 2, N'Opłacony'),
(3080, 1040, 24, 3, N'Opłacony'),
(3025, 1025, 25, 1, N'Opłacony'),
(3053, 1013, 25, 2, N'Opłacony'),
(3026, 1026, 26, 1, N'Nieopłacony'),
(3054, 1014, 26, 2, N'Opłacony'),
(3027, 1027, 27, 1, N'Opłacony'),
(3055, 1015, 27, 2, N'Opłacony'),
(3028, 1028, 28, 1, N'Opłacony'),
(3056, 1016, 28, 2, N'Nieopłacony');
GO

INSERT INTO KATEGORIA (KATEGORIA_ID, PŁEĆ, WIEK_MINIMALNY, WIEK_MAKSYMALNY) 
	VALUES 
	(N'M18', 'M', 18, 19),
	(N'K18', 'K', 18, 19),
	(N'M20', 'M', 20, 29),
	(N'K20', 'K', 20, 29),
	(N'M30', 'M', 30, 39),
	(N'K30', 'K', 30, 39),
	(N'M40', 'M', 40, 49),
	(N'K40', 'K', 40, 49),
	(N'M50', 'M', 50, 99),
	(N'K50', 'K', 50, 99);
GO
INSERT INTO WYNIK (UCZESTNICTWO_ID, CZAS_UKOŃCZENIA, POZYCJA, KATEGORIA_ID, STATUS) VALUES 
(3001, '04:15:30.500', 3, N'K18', N'Ukończono'),
(3029, '04:20:00.000', 4, N'M40', N'Ukończono'),
(3057, '03:55:30.000', 2, N'K30', N'Ukończono'),
(3002, '03:55:10.000', 1, N'K20', N'Ukończono'),
(3030, '04:22:30.000', 3, N'M40', N'Ukończono'),
(3058, '04:18:30.000', 2, N'K50', N'Ukończono'),
(3003, '04:05:00.000', 2, N'K20', N'Ukończono'),
(3031, '04:30:00.000', 3, N'M50', N'Ukończono'),
(3059, '05:00:00.000', 4, N'K50', N'Ukończono'),
(3004, '04:30:45.000', 2, N'K20', N'Ukończono'),
(3032, '05:05:15.000', 3, N'M50', N'Ukończono'),
(3060, '04:35:20.000', 1, N'K50', N'Ukończono'),
(3005, '03:45:12.000', 2, N'K30', N'Ukończono'),
(3033, '05:10:30.000', 3, N'M50', N'Ukończono'),
(3061, '04:05:30.000', 1, N'M18', N'Ukończono'),
(3006, '03:33:33.000', 2, N'K30', N'Ukończono'),
(3034, '04:35:00.000', 3, N'M50', N'Ukończono'),
(3062, '03:15:10.000', 1, N'M20', N'Ukończono'),
(3007, '04:08:15.000', 3, N'K30', N'Ukończono'),
(3035, '03:37:10.000', 1, N'M30', N'Ukończono'),
(3063, '04:10:00.000', 2, N'M20', N'Ukończono'),
(3008, '05:00:00.000', 3, N'K30', N'Ukończono'),
(3036, '04:11:00.000', 2, N'M30', N'Ukończono'),
(3064, '03:45:45.000', 1, N'M30', N'Ukończono'),
(3009, '00:00:00.000', 0, N'K30', N'Nie wystartował (DNS)'),
(3037, '04:48:30.000', 2, N'M40', N'Ukończono'),
(3065, '04:20:12.000', 1, N'M30', N'Ukończono'),
(3010, '04:22:30.000', 2, N'K20', N'Ukończono'),
(3038, '04:28:15.000', 3, N'M50', N'Ukończono'),
(3066, '03:25:00.000', 1, N'M30', N'Ukończono'),
(3011, '05:10:00.000', 1, N'K40', N'Ukończono'),
(3039, '00:00:00.000', 0, N'M50', N'Nie wystartował (DNS)'),
(3067, '00:00:00.000', 0, N'M30', N'Nie wystartował (DNS)'),
(3012, '04:40:15.000', 2, N'K40', N'Ukończono'),
(3040, '04:55:00.000', 3, N'M50', N'Ukończono'),
(3068, '03:50:00.000', 1, N'M40', N'Ukończono'),
(3013, '00:00:00.000', 0, N'K50', N'Nie wystartował (DNS)'),
(3041, '03:35:10.000', 1, N'K18', N'Ukończono'),
(3069, '04:33:15.000', 2, N'M40', N'Ukończono'),
(3014, '05:25:00.000', 3, N'K50', N'Ukończono'),
(3042, '04:10:00.000', 2, N'K20', N'Ukończono'),
(3070, '03:57:30.000', 1, N'M40', N'Ukończono'),
(3015, '04:50:30.000', 3, N'K50', N'Ukończono'),
(3043, '04:25:45.000', 1, N'K20', N'Ukończono'),
(3071, '04:10:00.000', 2, N'M50', N'Ukończono'),
(3016, '03:41:00.000', 1, N'K30', N'Ukończono'),
(3044, '03:50:12.000', 2, N'K20', N'Ukończono'),
(3072, '05:20:15.000', 3, N'M50', N'Ukończono'),
(3017, '05:30:00.000', 0, N'K30', N'Nie ukończył (DNF)'),
(3045, '04:40:00.000', 1, N'K30', N'Ukończono'),
(3073, '04:40:30.000', 2, N'M50', N'Ukończono'),
(3018, '04:58:30.000', 2, N'K50', N'Ukończono'),
(3046, '04:18:15.000', 1, N'K30', N'Ukończono'),
(3074, '05:05:00.000', 3, N'M50', N'Ukończono'),
(3019, '04:28:15.000', 2, N'K50', N'Ukończono'),
(3047, '05:05:00.000', 3, N'K30', N'Ukończono'),
(3075, '04:17:10.000', 1, N'M30', N'Ukończono'),
(3020, '05:15:20.000', 3, N'K50', N'Ukończono'),
(3048, '04:22:30.000', 2, N'K30', N'Ukończono'),
(3076, '03:31:00.000', 1, N'M30', N'Ukończono'),
(3021, '03:25:30.000', 1, N'M18', N'Ukończono'),
(3049, '05:15:00.000', 3, N'K30', N'Ukończono'),
(3077, '04:58:30.000', 2, N'M40', N'Ukończono'),
(3022, '03:05:10.000', 1, N'M20', N'Ukończono'),
(3050, '04:45:10.000', 3, N'K20', N'Ukończono'),
(3078, '04:08:15.000', 2, N'M50', N'Ukończono'),
(3023, '03:30:00.000', 1, N'M20', N'Ukończono'),
(3051, '04:05:00.000', 2, N'K40', N'Ukończono'),
(3079, '04:38:00.000', 0, N'M50', N'Nie ukończył (DNF)'),
(3024, '03:50:45.000', 1, N'M30', N'Ukończono'),
(3052, '05:20:15.000', 3, N'K40', N'Ukończono'),
(3080, '04:50:00.000', 2, N'M50', N'Ukończono'),
(3025, '03:40:12.000', 1, N'M30', N'Ukończono'),
(3053, '04:30:30.000', 2, N'K50', N'Ukończono'),
(3026, '00:00:00.000', 0, N'M30', N'Nie wystartował (DNS)'),
(3054, '05:10:00.000', 1, N'K50', N'Ukończono'),
(3027, '03:00:00.000', 0, N'M30', N'Dyskwalifikacja (DSQ)'),
(3055, '04:40:00.000', 1, N'K50', N'Ukończono'),
(3028, '04:00:00.000', 1, N'M40', N'Ukończono'),
(3056, '00:00:00.000', 0, N'K30', N'Nie wystartował (DNS)');
GO

INSERT INTO PUNKTY_KONTROLNE (PUNKT_ID, ODLEGŁOŚĆ, ZAWODY_ID) VALUES
(101, 10, 1), (102, 21, 1), (103, 30, 1),
(104, 10, 2), (105, 21, 2), (106, 30, 2),
(107, 10, 3), (108, 21, 3), (109, 30, 3),
(110, 10, 4), (111, 21, 4), (112, 30, 4),
(113, 10, 5), (114, 21, 5), (115, 30, 5),
(116, 10, 6), (117, 21, 6), (118, 30, 6),
(119, 10, 7), (120, 21, 7), (121, 30, 7),
(122, 10, 8), (123, 21, 8), (124, 30, 8),
(125, 10, 9), (126, 21, 9), (127, 30, 9),
(128, 10, 10), (129, 21, 10), (130, 30, 10),
(131, 10, 11), (132, 21, 11), (133, 30, 11),
(134, 10, 12), (135, 21, 12), (136, 30, 12),
(137, 10, 13), (138, 21, 13), (139, 30, 13),
(140, 10, 14), (141, 21, 14), (142, 30, 14),
(143, 10, 15), (144, 21, 15), (145, 30, 15),
(146, 10, 16), (147, 21, 16), (148, 30, 16),
(149, 10, 17), (150, 21, 17), (151, 30, 17),
(152, 10, 18), (153, 21, 18), (154, 30, 18),
(155, 10, 19), (156, 21, 19), (157, 30, 19),
(158, 10, 20), (159, 21, 20), (160, 30, 20),
(161, 10, 21), (162, 21, 21), (163, 30, 21),
(164, 10, 22), (165, 21, 22), (166, 30, 22),
(167, 10, 23), (168, 21, 23), (169, 30, 23),
(170, 10, 24), (171, 21, 24), (172, 30, 24),
(173, 10, 25), (174, 21, 25), (175, 30, 25),
(176, 10, 26), (177, 21, 26), (178, 30, 26),
(179, 10, 27), (180, 21, 27), (181, 30, 27),
(182, 10, 28), (183, 21, 28), (184, 30, 28);
GO

INSERT INTO MIĘDZYCZASY (PUNKT_ID, UCZESTNICTWO_ID, CZAS_NA_PUNKCIE) VALUES
(101, 3001, '01:00:00'), (102, 3001, '02:05:00'), (103, 3001, '03:15:00'),
(104, 3002, '00:55:00'), (105, 3002, '01:58:00'), (106, 3002, '03:00:00'),
(107, 3003, '00:58:00'), (108, 3003, '02:03:00'), (109, 3003, '03:10:00'),
(110, 3004, '01:05:00'), (111, 3004, '02:15:00'), (112, 3004, '03:40:00'),
(113, 3005, '00:53:00'), (114, 3005, '01:55:00'), (115, 3005, '02:55:00'),
(116, 3006, '00:50:00'), (117, 3006, '01:48:00'), (118, 3006, '02:45:00'),
(119, 3007, '01:02:00'), (120, 3007, '02:08:00'), (121, 3007, '03:20:00'),
(122, 3008, '01:15:00'), (123, 3008, '02:35:00'), (124, 3008, '04:05:00'),
(128, 3010, '01:04:00'), (129, 3010, '02:12:00'), (130, 3010, '03:30:00'),
(131, 3011, '01:18:00'), (132, 3011, '02:40:00'), (133, 3011, '04:15:00'),
(134, 3012, '01:10:00'), (135, 3012, '02:25:00'), (136, 3012, '03:48:00'),
(140, 3014, '01:20:00'), (141, 3014, '02:50:00'), (142, 3014, '04:25:00'),
(143, 3015, '01:14:00'), (144, 3015, '02:30:00'), (145, 3015, '03:58:00'),
(146, 3016, '00:52:00'), (147, 3016, '01:54:00'), (148, 3016, '02:53:00'),
(149, 3017, '01:15:00'), (150, 3017, '02:35:00'),
(152, 3018, '01:16:00'), (153, 3018, '02:38:00'), (154, 3018, '04:03:00'),
(155, 3019, '01:08:00'), (156, 3019, '02:18:00'), (157, 3019, '03:38:00'),
(158, 3020, '01:19:00'), (159, 3020, '02:45:00'), (160, 3020, '04:20:00'),
(161, 3021, '00:48:00'), (162, 3021, '01:42:00'), (163, 3021, '02:35:00'),
(164, 3022, '00:45:00'), (165, 3022, '01:38:00'), (166, 3022, '02:28:00'),
(167, 3023, '00:50:00'), (168, 3023, '01:45:00'), (169, 3023, '02:40:00'),
(170, 3024, '00:56:00'), (171, 3024, '02:00:00'), (172, 3024, '03:08:00'),
(173, 3025, '00:54:00'), (174, 3025, '01:56:00'), (175, 3025, '02:58:00'),
(179, 3027, '00:42:00'), (180, 3027, '01:25:00'),
(182, 3028, '01:01:00'), (183, 3028, '02:06:00'), (184, 3028, '03:18:00'),
(101, 3029, '01:03:00'), (102, 3029, '02:10:00'), (103, 3029, '03:25:00'),
(104, 3030, '00:59:00'), (105, 3030, '02:02:00'), (106, 3030, '03:05:00'),
(107, 3031, '01:01:00'), (108, 3031, '02:07:00'), (109, 3031, '03:18:00'),
(110, 3032, '01:08:00'), (111, 3032, '02:19:00'), (112, 3032, '03:45:00'),
(113, 3033, '00:57:00'), (114, 3033, '02:01:00'), (115, 3033, '03:00:00'),
(116, 3034, '00:54:00'), (117, 3034, '01:52:00'), (118, 3034, '02:50:00'),
(119, 3035, '01:05:00'), (120, 3035, '02:12:00'), (121, 3035, '03:25:00'),
(122, 3036, '01:19:00'), (123, 3036, '02:40:00'), (124, 3036, '04:10:00'),
(125, 3037, '01:06:00'), (126, 3037, '02:14:00'), (127, 3037, '03:33:00'),
(128, 3038, '01:08:00'), (129, 3038, '02:18:00'), (130, 3038, '03:40:00'),
(131, 3040, '01:21:00'), (132, 3040, '02:48:00'), (133, 3040, '04:25:00'),
(134, 3041, '00:54:00'), (135, 3041, '01:56:00'), (136, 3041, '02:58:00'),
(137, 3042, '01:08:00'), (138, 3042, '02:18:00'), (139, 3042, '03:38:00'),
(140, 3043, '01:12:00'), (141, 3043, '02:25:00'), (142, 3043, '03:45:00'),
(143, 3044, '01:00:00'), (144, 3044, '02:05:00'), (145, 3044, '03:15:00'),
(146, 3045, '01:10:00'), (147, 3045, '02:20:00'), (148, 3045, '03:30:00'),
(149, 3046, '01:04:00'), (150, 3046, '02:12:00'), (151, 3046, '03:25:00'),
(152, 3047, '01:18:00'), (153, 3047, '02:40:00'), (154, 3047, '04:10:00'),
(155, 3048, '01:06:00'), (156, 3048, '02:14:00'), (157, 3048, '03:35:00'),
(158, 3049, '01:16:00'), (159, 3049, '02:35:00'), (160, 3049, '04:00:00'),
(161, 3050, '01:12:00'), (162, 3050, '02:25:00'), (163, 3050, '03:45:00'),
(164, 3051, '00:58:00'), (165, 3051, '02:03:00'), (166, 3051, '03:10:00'),
(167, 3052, '01:25:00'), (168, 3052, '02:55:00'), (169, 3052, '04:30:00'),
(170, 3053, '01:10:00'), (171, 3053, '02:20:00'), (172, 3053, '03:30:00'),
(173, 3054, '01:22:00'), (174, 3054, '02:48:00'), (175, 3054, '04:18:00'),
(176, 3055, '01:15:00'), (177, 3055, '02:35:00'), (178, 3055, '03:55:00'),
(101, 3057, '00:55:00'), (102, 3057, '01:58:00'), (103, 3057, '03:00:00'),
(104, 3058, '01:02:00'), (105, 3058, '02:08:00'), (106, 3058, '03:20:00'),
(107, 3059, '01:18:00'), (108, 3059, '02:40:00'), (109, 3059, '04:10:00'),
(110, 3060, '01:10:00'), (111, 3060, '02:20:00'), (112, 3060, '03:30:00'),
(113, 3061, '01:00:00'), (114, 3061, '02:05:00'), (115, 3061, '03:15:00'),
(116, 3062, '00:55:00'), (117, 3062, '01:58:00'), (118, 3062, '03:00:00'),
(119, 3063, '01:00:00'), (120, 3063, '02:05:00'), (121, 3063, '03:15:00'),
(122, 3064, '00:58:00'), (123, 3064, '02:03:00'), (124, 3064, '03:10:00'),
(125, 3065, '01:05:00'), (126, 3065, '02:15:00'), (127, 3065, '03:40:00'),
(128, 3066, '00:53:00'), (129, 3066, '01:55:00'), (130, 3066, '02:55:00'),
(134, 3068, '01:15:00'), (135, 3068, '02:35:00'), (136, 3068, '04:05:00'),
(137, 3069, '01:04:00'), (138, 3069, '02:12:00'), (139, 3069, '03:30:00'),
(140, 3070, '01:18:00'), (141, 3070, '02:40:00'), (142, 3070, '04:15:00'),
(143, 3071, '01:10:00'), (144, 3071, '02:20:00'), (145, 3071, '03:30:00'),
(146, 3072, '01:20:00'), (147, 3072, '02:50:00'), (148, 3072, '04:25:00'),
(149, 3073, '01:14:00'), (150, 3073, '02:30:00'), (151, 3073, '03:58:00'),
(152, 3074, '01:16:00'), (153, 3074, '02:38:00'), (154, 3074, '04:03:00'),
(155, 3075, '01:08:00'), (156, 3075, '02:18:00'), (157, 3075, '03:38:00'),
(158, 3076, '01:19:00'), (159, 3076, '02:45:00'), (160, 3076, '04:20:00'),
(161, 3077, '00:48:00'), (162, 3077, '01:42:00'), (163, 3077, '02:35:00'),
(164, 3078, '00:45:00'), (165, 3078, '01:38:00'), (166, 3078, '02:28:00'),
(167, 3080, '00:50:00'), (168, 3080, '01:45:00'), (169, 3080, '02:40:00');
GO

INSERT INTO ZDJĘCIA (UCZESTNICTWO_ID, ŚCIEŻKA, MOMENT_CZASOWY) 
	VALUES 
	(3001, N'http://zawody.pl/foto/1001', '04:17:10'),
	(3002, N'http://zawody.pl/foto/1002', '03:56:50'),
	(3003, N'http://zawody.pl/foto/1003', '04:06:40'),
	(3004, N'http://zawody.pl/foto/1004', '04:32:15'),
	(3005, N'http://zawody.pl/foto/1005', '03:46:42'),
	(3006, N'http://zawody.pl/foto/1006', '03:34:53'),
	(3007, N'http://zawody.pl/foto/1007', '04:09:55'),
	(3008, N'http://zawody.pl/foto/1008', '05:02:00'),
	(3010, N'http://zawody.pl/foto/1009', '02:00:00'),
	(3010, N'http://zawody.pl/foto/1010', '04:24:00'),
	(3011, N'http://zawody.pl/foto/1011', '05:11:40'),
	(3012, N'http://zawody.pl/foto/1012', '03:00:00'),
	(3012, N'http://zawody.pl/foto/1013', '04:42:00'),
	(3014, N'http://zawody.pl/foto/1014', '05:27:00'),
	(3015, N'http://zawody.pl/foto/1015', '04:52:10'),
	(3016, N'http://zawody.pl/foto/1016', '03:42:30'),
	(3018, N'http://zawody.pl/foto/1017', '03:00:00'),
	(3018, N'http://zawody.pl/foto/1018', '05:00:10'),
	(3019, N'http://zawody.pl/foto/1019', '04:30:00'),
	(3020, N'http://zawody.pl/foto/1020', '05:17:00'),
	(3021, N'http://zawody.pl/foto/1021', '03:26:50'),
	(3022, N'http://zawody.pl/foto/1022', '03:06:40'),
	(3023, N'http://zawody.pl/foto/1023', '02:00:00'),
	(3023, N'http://zawody.pl/foto/1024', '03:31:30'),
	(3024, N'http://zawody.pl/foto/1025', '03:52:00'),
	(3025, N'http://zawody.pl/foto/1026', '03:41:32'),
	(3028, N'http://zawody.pl/foto/1027', '02:00:00'),
	(3028, N'http://zawody.pl/foto/1028', '04:01:50'),
	(3029, N'http://zawody.pl/foto/1029', '04:20:00'),
	(3030, N'http://zawody.pl/foto/1030', '04:24:10'),
	(3031, N'http://zawody.pl/foto/1031', '04:31:40'),
	(3032, N'http://zawody.pl/foto/1032', '05:07:00'),
	(3033, N'http://zawody.pl/foto/1033', '05:12:10'),
	(3034, N'http://zawody.pl/foto/1034', '04:36:30'),
	(3035, N'http://zawody.pl/foto/1035', '03:38:30'),
	(3036, N'http://zawody.pl/foto/1036', '04:12:30'),
	(3037, N'http://zawody.pl/foto/1037', '04:50:00'),
	(3038, N'http://zawody.pl/foto/1038', '04:30:10'),
	(3040, N'http://zawody.pl/foto/1039', '04:57:00');
GO

